23:23:00,55630
10:29:00,48146
08:56:00,55133
18:43:00,44746
07:21:00,53700
05:41:00,57378
13:51:00,44121
23:10:00,56548
13:48:00,50721
11:21:00,51995
07:29:00,45068
01:27:00,50276
16:22:00,46614
02:54:00,55396
08:07:00,50816
15:20:00,45641
08:46:00,53910
16:08:00,43891
15:00:00,45596
08:29:00,58215
17:27:00,54307
16:24:00,57029
19:38:00,45726
03:19:00,43953
03:35:00,48511
02:51:00,47060
19:15:00,105508
18:53:00,52067
08:20:00,47614
13:12:00,55481
13:27:00,48852
16:29:00,44033
08:40:00,49249
01:13:00,42543
02:53:00,39328
05:43:00,49814
10:43:00,43242
19:43:00,50821
23:25:00,50150
04:18:00,44421
06:35:00,49868
04:52:00,51891
16:36:00,45253
04:57:00,55439
12:08:00,45528
10:14:00,45709
23:45:00,48778
06:23:00,51687
07:13:00,48746
